[
	{
		"path": "./1/image_1_1.png",
		"title": "Northeast, Empire, and Keystone High-Speed Rail Corridors Map",
		"description": "Three key high-speed rail corridors in the Northeastern region of the United States, that are the Northeast Corridor, the Empire Corridor, and the Keystone Corridor. These routes are shown to connect major cities such as Washington D.C., Baltimore, Philadelphia, New York City, Albany, and Boston, as well as passing through various states including Virginia, Maryland, Pennsylvania, New Jersey, New York, Connecticut, and Massachusetts. The map provides a simplified visualization of the high-speed rail connectivity in the Northeast, highlighting the intercity routes designed for efficient and fast passenger travel. It serves as an informative guide for travelers interested in understanding the rail links between major Northeastern hubs. Keywords: \"Northeast United States High-Speed Rail Corridors Map\", \"Amtrak High-Speed Train Routes Northeast\", \"Northeast, Empire, and Keystone Rail Networks\", \"High-Speed Railway Map of Northeastern USA\", \"Amtrak Northeast Corridor Rail Map\", \"Detailed Map of High-Speed Rail Lines in Northeast America\", \"Empire Corridor and Keystone Corridor Railway Routes\", \"Amtrak Intercity High-Speed Trains Network Map\", \"Passenger Rail Corridors of the Northeast U.S.\", \"Visual Guide to Northeast High-Speed Rail Connections\"",
		"type": "image",
		"page": 1
	},
	{
		"path": "./1/image_1_2.png",
		"title": "Amtrak National Route Map",
		"description": "A comprehensive depiction of the Amtrak rail service network across the continental United States. It highlights the extensive reach of the national rail system with lines interconnecting a multitude of cities from coast to coast. It also contains key urban centers served by Amtrak as nodes that anchor the rail lines. \"Amtrak System Map\" is displayed at the top. The scale is denoted at the bottom, providing a reference for distance. This image would be retrievable by searches for \"Amtrak national route map\", \"Amtrak train services map\", \"U.S. nationwide rail network\", or \"Amtrak system map with cities and states\". Keywords: \"Amtrak National Route Map\", \"United States Intercontinental Train Routes\", \"Comprehensive Amtrak Rail Network\", \"Amtrak System Map United States\", \"Nationwide Amtrak Train Services\", \"Major Amtrak Lines Across America\", \"Amtrak Railway Network with Cities and States\", \"U.S. Cross-Country Rail Service Map\", \"Amtrak Passenger Rail System Coverage\", \"Detailed Map of Amtrak Train Routes\".",
		"type": "image",
		"page": 1
	}
]