[{"path": "./2/table_2_1.html", "title": "List of current and discontinued Empire Corridor routes operated by Amtrak since May 1, 1971", "description": "This table provides a historical overview of the Amtrak services along the Empire Corridor, detailing the start and end dates of service for different routes, including notes on joint operations and name changes. Information obtainable includes the routes operated, their service commencement and cessation dates, and specific notes about operations or changes. Questions that can be answered include the duration of specific services, routes that have been historically operated, and periods of joint operation or service renaming.\r\n\r\nHeader: Name, Route, Service began, Service ended, Notes\r\nEntries:\r\nAdirondack: Three entries detailing the route changes and operational dates between New York City, Montreal, and Washington, D.C., including joint operation details.\r\nBear Mountain: Three entries showing the New York City to Albany route with start and end dates, including a name change from Henry Hudson.\r\nCatskill: Five entries spanning routes between New York City and various destinations including Albany, Schenectady, Syracuse, and Niagara Falls, with specific notes on joint operations.", "type": "table", "page": 2}, {"path": "./3/table_3_1.html", "title": "List of current and discontinued Empire Corridor routes operated by Amtrak since May 1, 1971", "description": "Description: This table catalogs the Amtrak train services within the Empire Corridor, highlighting the names of services, their routes, the dates services began and ended, along with notable operational changes or mergers. It provides a concise history of Amtrak's service evolution on these routes, enabling insights into the operational timeline, route adjustments, and service discontinuations or integrations into broader service offerings.\r\n\r\nHeader: Name, Route, Service began, Service ended, Notes\r\nEntries:\r\nCayuga: Service between New York City and Schenectady from October 1984 to April 1987.\r\nCentral Park: Operated between New York City and Albany from April to October 1995, later merged into Empire Service.\r\nDeWitt Clinton: Connected New York City and Albany from May 1974 to April 1981, replaced by Rip Van Winkle.\r\nElectric City Express: Route from New York City to Schenectady starting in April 1981, replacing Salt City Express.\r\nEmpire Service: Two entries detailing routes from New York City to Buffalo (May 1971 to May 1974) and New York City to Niagara Falls (from October 1995 to present), with notes on the historical evolution and rebranding of services.\r\nEmpire State Express: Four entries detailing services between New York City and Buffalo/Detroit/Niagara Falls from May 1974, with notes on renaming and route changes.\r\n\r\n\r\n\r\n\r\n", "type": "table", "page": 3}, {"path": "./4/table_4_1.html", "title": "List of current and discontinued Empire Corridor routes operated by Amtrak since May 1, 1971", "description": "This table records the history of Amtrak routes in the Empire Corridor, detailing service names, routes, beginning and end dates of service, and relevant operational notes. It allows for the tracking of route evolution, extension, and discontinuation over time. Key insights include the initiation and termination of specific routes, changes in destinations, and notable operational changes such as service extensions or mergers.\r\n\r\nHeader: Name, Route, Service began, Service ended, Notes\r\nEntries:\r\nEthan Allen Express: Two entries showing the extension of service from Rutland to Burlington starting July 2022.\r\nHalf Moon: Service between New York City and Albany from May 1994 to October 1995.\r\nHendrick Hudson: Listed without specific dates, indicating a service route between New York City and Albany.\r\nHenry Hudson: Operated from May 1974 to April 1981, later renamed Bear Mountain.\r\nHudson Highlander: Replaced the Washington Irving service and merged into Empire Service in October 1995.\r\nHudson River Express, Hudson Valley Express, Hudson Valley Service: Listed routes from New York City to Albany and Schenectady without specific operational dates.\r\nKnickerbocker: Service between New York City and Albany from April 1991 to April 1995.\r\nLake Shore: A short-lived route between New York City and Chicago from May 1971 to January 1972, initially unnamed.", "type": "table", "page": 4}, {"path": "./5/table_5_1.html", "title": "List of current and discontinued Empire Corridor routes operated by Amtrak since May 1, 1971", "description": "This table presents a detailed account of both current and discontinued Amtrak routes within the Empire Corridor, indicating the names of the train services, their specific routes, the dates when services commenced and when they ended, if applicable, and additional remarks concerning each route's history or unique attributes. It serves as a historical ledger for understanding the development and evolution of Amtrak's offerings in this region.\r\n\r\nHeader: Name, Route, Service began, Service ended, Notes\r\nEntries:\r\nMaple Leaf: Operating from New York City to Toronto since April 26, 1981, with ongoing service.\r\nMohawk: Three entries for routes between New York City and Niagara Falls/Syracuse, with service beginnings in April 1981 and varying end dates, including an ongoing route to Niagara Falls starting October 28, 1984.\r\nNiagara Rainbow: Details the route's history from New York City to Detroit/Niagara Falls/Toronto, including a renaming from Empire State Express and a period as a once-weekly additional frequency of the Maple Leaf.\r\nNieuw Amsterdam, Oneida, Palisades, Patroon: Listed routes from New York City to Albany/Syracuse without specific operational dates, indicating these routes were planned or operated without detailed public records on start or end dates.\r\n\r\n\r\n\r\n\r\n\r\n", "type": "table", "page": 5}, {"path": "./6/table_6_1.html", "title": "List of current and discontinued Empire Corridor routes operated by Amtrak since May 1, 1971", "description": "This table delineates the timeline and operational specifics of Amtrak's Empire Corridor routes, encompassing both historical and, where applicable, ongoing services. It includes route names, the cities connected, the dates of operation commencement and cessation, and pertinent notes such as service replacements and renamings. The table facilitates understanding of the development of regional rail service, offering insights into service longevity, adjustments in routing, and the evolution of service names.\r\n\r\nHeader: Name, Route, Service began, Service ended, Notes\r\nEntries:\r\nSalt City Express: Service from New York City to Syracuse, operational from May 1974 to April 1981, succeeded by Electric City Express.\r\nSaratogian, Sleepy Hollow, Spa Express, Spuyten Duyvil: Routes between New York City and Saratoga Springs or Albany, listed without specific operational dates.\r\nStorm King: Two entries indicating service from New York City to Albany and Schenectady, starting April 1981, with no end date provided.\r\nWashington Irving: Includes service to Albany and Schenectady from November 1974 to April 1981, with the Schenectady service replaced by Hudson Highlander.\r\nWater Level Express: Detailed as operating between New York City and Buffalo/Niagara Falls from May 1974, with the Buffalo service ending in January 1978 and subsequent renaming.", "type": "table", "page": 6}]